feature,importance
TT,0.05842673088803798
Age,0.056192330147768116
Cr,0.04870794004056401
Psychiatric symptom score,0.048602874947785764
lenticular nucleus damage  (es/No),0.04604350271984144
Brainstem damage(es/No),0.04118932316947376
PLT,0.041019367776914235
BUN,0.040062081846626796
K-F ring(es/No),0.03997542658075832
RBC,0.03653239681644527
DBIL,0.03568173721428291
TBIL,0.03429640504490369
APTT,0.03311741102022818
IBIL,0.03285725389185862
WBC,0.030544834504002624
CP,0.030203152194541467
ALT,0.024010641014520162
AKP,0.023852070930160924
PT,0.02315378727989298
FBG,0.022669870078102217
TBA,0.02204917856306506
24-hour urine copper,0.021071405473551272
Liver symptom score,0.02049435410637157
AST),0.019901593320988863
Deepening of the sulci and fissures of the brain(es/No),0.019387733084878813
INR,0.01914126749631603
Hb,0.018714866073590183
TP,0.017661846003242488
ALB,0.017309133728615665
Cerebral ventricular system dilation(es/No),0.017032192852858716
Thalamus damage (es/No),0.014353060499727576
GGT,0.014189450962647279
Qther brain regions damage(es/No),0.00999324166928787
Gender,0.009644376443192456
Cerebral cortex damage(es/No),0.0029940148232632602
Cerebral peduncle damage(es/No),0.002966095070134682
Cirrhosis(es/No),0.0028413556997068526
Liver capsule smoothing(es/No),0.0019030775424697802
Clear internal blood vessels in the liver(es/No),0.0012126184793821862
Ascites(es/No),0.0
Homogeneous echogenicity in the liver(es/No),0.0
Enhanced internal echo in the liver(es/No),0.0
